{
  "best_val_accuracy": 0.9027777777777778,
  "final_train_accuracy": 0.87625,
  "final_val_accuracy": 0.8983333333333333,
  "train_losses": [
    0.46548407057921093,
    0.404882535205947,
    0.3737173944049411,
    0.32358030868901144,
    0.3062517756223679,
    0.29607708407772915,
    0.2894387861092885,
    0.28324062208334605,
    0.2866045309106509,
    0.2856563040945265
  ],
  "val_losses": [
    0.42748769019779403,
    0.39781024006375093,
    0.5097011238859411,
    0.2792892924003434,
    0.2465367952459737,
    0.2462800109857007,
    0.24085498209062375,
    0.2354494635211794,
    0.23425570365629697,
    0.23513598779314443
  ],
  "train_accuracies": [
    0.7834722222222222,
    0.8288888888888889,
    0.8394444444444444,
    0.8633333333333333,
    0.8718055555555555,
    0.8747222222222222,
    0.8779166666666667,
    0.8833333333333333,
    0.8795833333333334,
    0.87625
  ],
  "val_accuracies": [
    0.7994444444444444,
    0.8333333333333334,
    0.7738888888888888,
    0.8711111111111111,
    0.8983333333333333,
    0.8916666666666667,
    0.9011111111111111,
    0.9,
    0.9027777777777778,
    0.8983333333333333
  ],
  "confusion_matrix": [
    [
      818,
      82
    ],
    [
      101,
      799
    ]
  ]
}