{
  "best_val_accuracy": 0.8688888888888889,
  "final_train_accuracy": 0.84,
  "final_val_accuracy": 0.8688888888888889,
  "train_losses": [
    0.46622648530536226,
    0.37924961732493506,
    0.3568557947874069
  ],
  "val_losses": [
    0.4564325469627715,
    0.3194910353213026,
    0.30009642896945016
  ],
  "train_accuracies": [
    0.7823611111111111,
    0.8293055555555555,
    0.84
  ],
  "val_accuracies": [
    0.7755555555555556,
    0.8655555555555555,
    0.8688888888888889
  ],
  "confusion_matrix": [
    [
      790,
      110
    ],
    [
      126,
      774
    ]
  ]
}