{
  "best_val_accuracy": 0.9,
  "final_train_accuracy": 0.8756944444444444,
  "final_val_accuracy": 0.9,
  "train_losses": [
    0.48922240449322596,
    0.40783600615130533,
    0.3729984529150857,
    0.32610182232326934,
    0.3108131864335802,
    0.30122704711225295,
    0.29666470928324595,
    0.29587545262442694,
    0.29389158619774713,
    0.29482912990781995
  ],
  "val_losses": [
    0.5402616842796928,
    0.31942149343197807,
    0.3284508724484527,
    0.2674681627959536,
    0.2577736658746736,
    0.2464207638251154,
    0.24471224622245422,
    0.24310819713170068,
    0.24617032223103338,
    0.24630628199430935
  ],
  "train_accuracies": [
    0.7658333333333334,
    0.8165277777777777,
    0.83875,
    0.8641666666666666,
    0.8666666666666667,
    0.87125,
    0.8720833333333333,
    0.8776388888888889,
    0.8755555555555555,
    0.8756944444444444
  ],
  "val_accuracies": [
    0.7394444444444445,
    0.8633333333333333,
    0.8655555555555555,
    0.8822222222222222,
    0.8883333333333333,
    0.8944444444444445,
    0.8944444444444445,
    0.895,
    0.8983333333333333,
    0.9
  ],
  "confusion_matrix": [
    [
      796,
      104
    ],
    [
      76,
      824
    ]
  ]
}