{
  "best_val_accuracy": 0.88,
  "final_train_accuracy": 0.8525,
  "final_val_accuracy": 0.88,
  "train_losses": [
    0.48057847321033476,
    0.3786927900711695,
    0.3558258779843648
  ],
  "val_losses": [
    1.3849086573249416,
    0.2874203159620887,
    0.27427723219520167
  ],
  "train_accuracies": [
    0.77125,
    0.8458333333333333,
    0.8525
  ],
  "val_accuracies": [
    0.5966666666666667,
    0.875,
    0.88
  ],
  "confusion_matrix": [
    [
      255,
      45
    ],
    [
      27,
      273
    ]
  ]
}