{
  "best_val_accuracy": 0.9833333333333333,
  "final_train_accuracy": 0.9883333333333333,
  "final_val_accuracy": 0.9833333333333333,
  "train_losses": [
    0.16623930869003137,
    0.0657894824196895,
    0.04917430404573679
  ],
  "val_losses": [
    0.07106527406722307,
    0.053243915476885284,
    0.04986361919068977
  ],
  "train_accuracies": [
    0.9391666666666667,
    0.98125,
    0.9883333333333333
  ],
  "val_accuracies": [
    0.9766666666666667,
    0.9816666666666667,
    0.9833333333333333
  ],
  "confusion_matrix": [
    [
      295,
      5
    ],
    [
      5,
      295
    ]
  ]
}