{
  "best_val_accuracy": 0.995,
  "final_train_accuracy": 0.9879166666666667,
  "final_val_accuracy": 0.995,
  "train_losses": [
    0.13480501489506827,
    0.05274482608669334,
    0.03465301368592514
  ],
  "val_losses": [
    0.07198141645966914,
    0.015216239117363696,
    0.01414689443915625
  ],
  "train_accuracies": [
    0.9490277777777778,
    0.9819444444444444,
    0.9879166666666667
  ],
  "val_accuracies": [
    0.9761111111111112,
    0.9944444444444445,
    0.995
  ],
  "confusion_matrix": [
    [
      895,
      5
    ],
    [
      4,
      896
    ]
  ]
}