{
  "best_val_accuracy": 0.9883333333333333,
  "final_train_accuracy": 0.99375,
  "final_val_accuracy": 0.9866666666666667,
  "train_losses": [
    0.1640853965530793,
    0.09017893581340711,
    0.0750343493372202,
    0.045753163695335386,
    0.02908189142510916,
    0.025003435922165713,
    0.027033430226147175,
    0.024580514557504405,
    0.03110890188952908,
    0.019136890945956112
  ],
  "val_losses": [
    0.09125468780219212,
    0.07878358049416229,
    0.05097834764685678,
    0.04090562410726163,
    0.03951683567567287,
    0.03907835707803698,
    0.039035707577376774,
    0.04331676550454607,
    0.04047383543250984,
    0.04038766625729438
  ],
  "train_accuracies": [
    0.9416666666666667,
    0.9645833333333333,
    0.9720833333333333,
    0.98375,
    0.9895833333333334,
    0.9920833333333333,
    0.9929166666666667,
    0.9925,
    0.9908333333333333,
    0.99375
  ],
  "val_accuracies": [
    0.96,
    0.9766666666666667,
    0.9816666666666667,
    0.9866666666666667,
    0.9883333333333333,
    0.9883333333333333,
    0.9883333333333333,
    0.985,
    0.9866666666666667,
    0.9866666666666667
  ],
  "confusion_matrix": [
    [
      294,
      6
    ],
    [
      2,
      298
    ]
  ]
}