{
  "best_val_accuracy": 1.0,
  "final_train_accuracy": 0.9983333333333333,
  "final_val_accuracy": 1.0,
  "train_losses": [
    0.13783613597767222,
    0.0762086536652512,
    0.06503140873974189,
    0.032169347094475394,
    0.016611044637134507,
    0.013693263261941159,
    0.008533851378823683,
    0.009584173005617534,
    0.010582334082314952,
    0.007340756092873764
  ],
  "val_losses": [
    0.032470233889558074,
    0.04531170528284029,
    0.03267462933109256,
    0.0110421399560373,
    0.006074648863879,
    0.0037753669227975862,
    0.003365626525983476,
    0.0035439417753654547,
    0.0035197358683625793,
    0.002818983211718181
  ],
  "train_accuracies": [
    0.9526388888888889,
    0.9716666666666667,
    0.9763888888888889,
    0.9884722222222222,
    0.9952777777777778,
    0.9948611111111111,
    0.9977777777777778,
    0.9972222222222222,
    0.9969444444444444,
    0.9983333333333333
  ],
  "val_accuracies": [
    0.9861111111111112,
    0.9805555555555555,
    0.9888888888888889,
    0.9961111111111111,
    0.9983333333333333,
    0.9994444444444445,
    0.9994444444444445,
    1.0,
    0.9994444444444445,
    1.0
  ],
  "confusion_matrix": [
    [
      900,
      0
    ],
    [
      0,
      900
    ]
  ]
}