{
  "best_val_accuracy": 0.9633333333333334,
  "final_train_accuracy": 0.9620833333333333,
  "final_val_accuracy": 0.9633333333333334,
  "train_losses": [
    0.30436217327912646,
    0.14205275903145473,
    0.10641730112334093
  ],
  "val_losses": [
    0.32058140008073105,
    0.08273528001614307,
    0.0827355109351246
  ],
  "train_accuracies": [
    0.8945833333333333,
    0.9404166666666667,
    0.9620833333333333
  ],
  "val_accuracies": [
    0.9033333333333333,
    0.9633333333333334,
    0.9633333333333334
  ],
  "confusion_matrix": [
    [
      285,
      15
    ],
    [
      7,
      293
    ]
  ]
}