{
  "best_val_accuracy": 0.9733333333333334,
  "final_train_accuracy": 0.9866666666666667,
  "final_val_accuracy": 0.9733333333333334,
  "train_losses": [
    0.3176554582516352,
    0.18299244061112405,
    0.1466796055684487,
    0.0790304522588849,
    0.06214323293417692,
    0.05738058901702364,
    0.04833144349356493,
    0.051167084670936065,
    0.046195708783343434,
    0.043345034196972845
  ],
  "val_losses": [
    0.3107171568431352,
    1.2039119162057574,
    0.10745676675517309,
    0.08069352652436416,
    0.08957319758146216,
    0.07163246343598555,
    0.06996803299376839,
    0.06978536206052492,
    0.06781288387106829,
    0.07239401225294721
  ],
  "train_accuracies": [
    0.88625,
    0.9320833333333334,
    0.93875,
    0.9733333333333334,
    0.97875,
    0.9791666666666666,
    0.98375,
    0.9829166666666667,
    0.98625,
    0.9866666666666667
  ],
  "val_accuracies": [
    0.8616666666666667,
    0.7483333333333333,
    0.9583333333333334,
    0.965,
    0.97,
    0.9733333333333334,
    0.9733333333333334,
    0.9716666666666667,
    0.9733333333333334,
    0.9733333333333334
  ],
  "confusion_matrix": [
    [
      287,
      13
    ],
    [
      3,
      297
    ]
  ]
}