{
  "best_val_accuracy": 0.995,
  "final_train_accuracy": 0.9927777777777778,
  "final_val_accuracy": 0.995,
  "train_losses": [
    0.24115437712934282,
    0.15890791931913958,
    0.13688414462738566,
    0.0700309957149956,
    0.05361642306463586,
    0.04453609791894754,
    0.030491449150981176,
    0.03415948199599774,
    0.025112795225448077,
    0.027248379558893955
  ],
  "val_losses": [
    0.13983574110949248,
    0.12972442041102208,
    0.11209205992258432,
    0.03882739721519644,
    0.030847341994542563,
    0.023200544998409192,
    0.023019789691540626,
    0.018481424565962107,
    0.017392608121633856,
    0.01785411559792824
  ],
  "train_accuracies": [
    0.9115277777777778,
    0.9436111111111111,
    0.9438888888888889,
    0.975,
    0.9827777777777778,
    0.9844444444444445,
    0.99,
    0.9895833333333334,
    0.9926388888888888,
    0.9927777777777778
  ],
  "val_accuracies": [
    0.9505555555555556,
    0.9538888888888889,
    0.9544444444444444,
    0.9877777777777778,
    0.9911111111111112,
    0.9927777777777778,
    0.9933333333333333,
    0.9938888888888889,
    0.9938888888888889,
    0.995
  ],
  "confusion_matrix": [
    [
      894,
      6
    ],
    [
      3,
      897
    ]
  ]
}