{
  "best_val_accuracy": 0.9866666666666667,
  "final_train_accuracy": 0.9761111111111112,
  "final_val_accuracy": 0.9866666666666667,
  "train_losses": [
    0.23886892771555318,
    0.11068862150112788,
    0.06960054093350966
  ],
  "val_losses": [
    0.19109762878271572,
    0.07724039274545615,
    0.04695567644707728
  ],
  "train_accuracies": [
    0.9086111111111111,
    0.9583333333333334,
    0.9761111111111112
  ],
  "val_accuracies": [
    0.925,
    0.9705555555555555,
    0.9866666666666667
  ],
  "confusion_matrix": [
    [
      894,
      6
    ],
    [
      18,
      882
    ]
  ]
}